{"patient_idx": 1205, "t": [13.0, 13.01, 13.02, 13.03, 13.04, 13.05, 13.06, 13.07, 13.08, 13.09, 13.1, 13.11, 13.12, 13.13, 13.14, 13.15, 13.16, 13.17, 13.18, 13.19, 13.2, 13.21, 13.22, 13.23, 13.24, 13.25, 13.26, 13.27, 13.28, 13.29, 13.3, 13.31, 13.32, 13.33, 13.34, 13.35, 13.36, 13.37, 13.38, 13.39, 13.4, 13.41, 13.42, 13.43, 13.44, 13.45, 13.46, 13.47, 13.48, 13.49, 13.5, 13.51, 13.52, 13.53, 13.54, 13.55, 13.56, 13.57, 13.58, 13.59, 13.6, 13.61, 13.62, 13.63, 13.64, 13.65, 13.66, 13.67, 13.68, 13.69, 13.7, 13.71, 13.72, 13.73, 13.74, 13.75, 13.76, 13.77, 13.78, 13.79, 13.8, 13.81, 13.82, 13.83, 13.84, 13.85, 13.86, 13.87, 13.88, 13.89, 13.9, 13.91, 13.92, 13.93, 13.94, 13.95, 13.96, 13.97, 13.98, 13.99, 14.0, 14.01, 14.02, 14.03, 14.04, 14.05, 14.06, 14.07, 14.08, 14.09, 14.1, 14.11, 14.120000000000001, 14.13, 14.14, 14.15, 14.16, 14.17, 14.18, 14.19, 14.2, 14.21, 14.22, 14.23, 14.24, 14.25, 14.26, 14.27, 14.28, 14.29, 14.3, 14.31, 14.32, 14.33, 14.34, 14.35, 14.36, 14.370000000000001, 14.38, 14.39, 14.4, 14.41, 14.42, 14.43, 14.44, 14.45, 14.46, 14.47, 14.48, 14.49, 14.5, 14.51, 14.52, 14.53, 14.54, 14.55, 14.56, 14.57, 14.58, 14.59, 14.6, 14.61, 14.620000000000001, 14.63, 14.64, 14.65, 14.66, 14.67, 14.68, 14.69, 14.7, 14.71, 14.72, 14.73, 14.74, 14.75, 14.76, 14.77, 14.78, 14.79, 14.8, 14.81, 14.82, 14.83, 14.84, 14.85, 14.86, 14.870000000000001, 14.88, 14.89, 14.9, 14.91, 14.92, 14.93, 14.94, 14.95, 14.96, 14.97, 14.98, 14.99, 15.0, 15.01, 15.02, 15.030000000000001, 15.04, 15.05, 15.06, 15.07, 15.08, 15.09, 15.1, 15.11, 15.120000000000001, 15.129999999999999, 15.14, 15.15, 15.16, 15.17, 15.18, 15.19, 15.2, 15.21, 15.22, 15.23, 15.24, 15.25, 15.26, 15.27, 15.280000000000001, 15.29, 15.3, 15.31, 15.32, 15.33, 15.34, 15.35, 15.36, 15.370000000000001, 15.379999999999999, 15.39, 15.4, 15.41, 15.42, 15.43, 15.44, 15.45, 15.46, 15.47, 15.48, 15.49, 15.5, 15.51, 15.52, 15.530000000000001, 15.54, 15.55, 15.56, 15.57, 15.58, 15.59, 15.6, 15.61, 15.620000000000001, 15.629999999999999, 15.64, 15.65, 15.66, 15.67, 15.68, 15.69, 15.7, 15.71, 15.72, 15.73, 15.74, 15.75, 15.76, 15.77, 15.780000000000001, 15.79, 15.8, 15.81, 15.82, 15.83, 15.84, 15.85, 15.86, 15.870000000000001, 15.879999999999999, 15.89, 15.9, 15.91, 15.92, 15.93, 15.94, 15.95, 15.96, 15.97, 15.98, 15.99, 16.0, 16.01, 16.02, 16.03, 16.04, 16.05, 16.06, 16.07, 16.08, 16.09, 16.1, 16.11, 16.12, 16.13, 16.14, 16.15, 16.16, 16.17, 16.18, 16.19, 16.2, 16.21, 16.22, 16.23, 16.240000000000002, 16.25, 16.26, 16.27, 16.28, 16.29, 16.3, 16.31, 16.32, 16.33, 16.34, 16.35, 16.36, 16.37, 16.38, 16.39, 16.4, 16.41, 16.42, 16.43, 16.44, 16.45, 16.46, 16.47, 16.48, 16.490000000000002, 16.5, 16.51, 16.52, 16.53, 16.54, 16.55, 16.56, 16.57, 16.58, 16.59, 16.6, 16.61, 16.62, 16.63, 16.64, 16.65, 16.66, 16.67, 16.68, 16.69, 16.7, 16.71, 16.72, 16.73, 16.740000000000002, 16.75, 16.76, 16.77, 16.78, 16.79, 16.8, 16.81, 16.82, 16.83, 16.84, 16.85, 16.86, 16.87, 16.88, 16.89, 16.9, 16.91, 16.92, 16.93, 16.94, 16.95, 16.96, 16.97, 16.98, 16.990000000000002, 17.0, 17.009999999999998, 17.02, 17.03, 17.04, 17.05, 17.060000000000002, 17.07, 17.08, 17.09, 17.1, 17.11, 17.12, 17.13, 17.14, 17.15, 17.16, 17.17, 17.18, 17.19, 17.2, 17.21, 17.22, 17.23, 17.240000000000002, 17.25, 17.259999999999998, 17.27, 17.28, 17.29, 17.3, 17.310000000000002, 17.32, 17.33, 17.34, 17.35, 17.36, 17.37, 17.38, 17.39, 17.4, 17.41, 17.42, 17.43, 17.44, 17.45, 17.46, 17.47, 17.48, 17.490000000000002, 17.5, 17.509999999999998, 17.52, 17.53, 17.54, 17.55, 17.560000000000002, 17.57, 17.58, 17.59, 17.6, 17.61, 17.62, 17.63, 17.64, 17.65, 17.66, 17.67, 17.68, 17.69, 17.7, 17.71, 17.72, 17.73, 17.740000000000002, 17.75, 17.759999999999998, 17.77, 17.78, 17.79, 17.8, 17.810000000000002, 17.82, 17.83, 17.84, 17.85, 17.86, 17.87, 17.88, 17.89, 17.9, 17.91, 17.92, 17.93, 17.94, 17.95, 17.96, 17.97, 17.98, 17.990000000000002, 18.0, 18.009999999999998, 18.02, 18.03, 18.04, 18.05, 18.060000000000002, 18.07, 18.08, 18.09, 18.1, 18.11, 18.12, 18.13, 18.14, 18.15, 18.16, 18.17, 18.18, 18.19, 18.2, 18.21, 18.22, 18.23, 18.240000000000002, 18.25, 18.259999999999998, 18.27, 18.28, 18.29, 18.3, 18.310000000000002, 18.32, 18.33, 18.34, 18.35, 18.36, 18.37, 18.38, 18.39, 18.4, 18.41, 18.42, 18.43, 18.44, 18.45, 18.46, 18.47, 18.48, 18.490000000000002, 18.5, 18.509999999999998, 18.52, 18.53, 18.54, 18.55, 18.560000000000002, 18.57, 18.58, 18.59, 18.6, 18.61, 18.62, 18.63, 18.64, 18.65, 18.66, 18.67, 18.68, 18.69, 18.7, 18.71, 18.72, 18.73, 18.740000000000002, 18.75, 18.759999999999998, 18.77, 18.78, 18.79, 18.8, 18.810000000000002, 18.82, 18.83, 18.84, 18.85, 18.86, 18.87, 18.88, 18.89, 18.9, 18.91, 18.92, 18.93, 18.94, 18.95, 18.96, 18.97, 18.98, 18.990000000000002, 19.0],