{"patient_idx": 1433, "t": [5.6, 5.609999999999999, 5.619999999999999, 5.63, 5.64, 5.6499999999999995, 5.659999999999999, 5.67, 5.68, 5.6899999999999995, 5.699999999999999, 5.71, 5.72, 5.7299999999999995, 5.739999999999999, 5.75, 5.76, 5.77, 5.779999999999999, 5.79, 5.8, 5.81, 5.819999999999999, 5.83, 5.84, 5.85, 5.859999999999999, 5.869999999999999, 5.88, 5.89, 5.8999999999999995, 5.909999999999999, 5.92, 5.93, 5.9399999999999995, 5.949999999999999, 5.96, 5.97, 5.9799999999999995, 5.989999999999999, 6.0, 6.01, 6.02, 6.029999999999999, 6.04, 6.05, 6.06, 6.069999999999999, 6.08, 6.09, 6.1, 6.109999999999999, 6.119999999999999, 6.13, 6.14, 6.1499999999999995, 6.16, 6.17, 6.18, 6.1899999999999995, 6.199999999999999, 6.21, 6.22, 6.2299999999999995, 6.239999999999999, 6.25, 6.26, 6.27, 6.279999999999999, 6.29, 6.3, 6.31, 6.319999999999999, 6.33, 6.34, 6.35, 6.359999999999999, 6.369999999999999, 6.38, 6.39, 6.3999999999999995, 6.41, 6.42, 6.43, 6.4399999999999995, 6.449999999999999, 6.46, 6.47, 6.4799999999999995, 6.489999999999999, 6.5, 6.51, 6.52, 6.529999999999999, 6.54, 6.55, 6.56, 6.569999999999999, 6.58, 6.59, 6.6, 6.609999999999999, 6.619999999999999, 6.63, 6.64, 6.6499999999999995, 6.66, 6.67, 6.68, 6.6899999999999995, 6.699999999999999, 6.71, 6.72, 6.7299999999999995, 6.74, 6.75, 6.76, 6.77, 6.779999999999999, 6.789999999999999, 6.8, 6.81, 6.819999999999999, 6.83, 6.84, 6.85, 6.859999999999999, 6.869999999999999, 6.88, 6.89, 6.8999999999999995, 6.91, 6.92, 6.93, 6.9399999999999995, 6.949999999999999, 6.96, 6.97, 6.9799999999999995, 6.99, 7.0, 7.01, 7.02, 7.029999999999999, 7.039999999999999, 7.05, 7.06, 7.069999999999999, 7.08, 7.09, 7.1, 7.109999999999999, 7.119999999999999, 7.13, 7.14, 7.1499999999999995, 7.16, 7.17, 7.18, 7.1899999999999995, 7.199999999999999, 7.21, 7.22, 7.2299999999999995, 7.24, 7.25, 7.26, 7.27, 7.279999999999999, 7.289999999999999, 7.3, 7.31, 7.319999999999999, 7.33, 7.34, 7.35, 7.359999999999999, 7.369999999999999, 7.38, 7.39, 7.3999999999999995, 7.41, 7.42, 7.43, 7.4399999999999995, 7.449999999999999, 7.46, 7.47, 7.4799999999999995, 7.49, 7.5, 7.51, 7.52, 7.529999999999999, 7.539999999999999, 7.55, 7.56, 7.569999999999999, 7.58, 7.59, 7.6, 7.609999999999999, 7.619999999999999, 7.63, 7.64, 7.6499999999999995, 7.66, 7.67, 7.68, 7.6899999999999995, 7.699999999999999, 7.709999999999999, 7.72, 7.7299999999999995, 7.74, 7.75, 7.76, 7.77, 7.779999999999999, 7.789999999999999, 7.8, 7.81, 7.82, 7.83, 7.84, 7.85, 7.859999999999999, 7.869999999999999, 7.88, 7.89, 7.9, 7.91, 7.92, 7.93, 7.9399999999999995, 7.949999999999999, 7.959999999999999, 7.97, 7.9799999999999995, 7.99, 8.0, 8.01, 8.02, 8.03, 8.04, 8.05, 8.059999999999999, 8.07, 8.08, 8.09, 8.1, 8.11, 8.12, 8.129999999999999, 8.14, 8.15, 8.16, 8.17, 8.18, 8.19, 8.2, 8.209999999999999, 8.219999999999999, 8.23, 8.24, 8.25, 8.26, 8.27, 8.28, 8.29, 8.3, 8.309999999999999, 8.32, 8.33, 8.34, 8.35, 8.36, 8.37, 8.379999999999999, 8.39, 8.4, 8.41, 8.42, 8.43, 8.44, 8.45, 8.459999999999999, 8.469999999999999, 8.48, 8.49, 8.5, 8.51, 8.52, 8.53, 8.54, 8.55, 8.559999999999999, 8.57, 8.58, 8.59, 8.6, 8.61, 8.62, 8.629999999999999, 8.64, 8.65, 8.66, 8.67, 8.68, 8.69, 8.7, 8.709999999999999, 8.719999999999999, 8.73, 8.74, 8.75, 8.76, 8.77, 8.78, 8.79, 8.8, 8.809999999999999, 8.82, 8.83, 8.84, 8.85, 8.86, 8.87, 8.879999999999999, 8.89, 8.9, 8.91, 8.92, 8.93, 8.94, 8.95, 8.959999999999999, 8.969999999999999, 8.98, 8.99, 9.0, 9.01, 9.02, 9.03, 9.04, 9.05, 9.059999999999999, 9.07, 9.08, 9.09, 9.1, 9.11, 9.12, 9.129999999999999, 9.14, 9.15, 9.16, 9.17, 9.18, 9.19, 9.2, 9.209999999999999, 9.219999999999999, 9.23, 9.24, 9.25, 9.26, 9.27, 9.28, 9.29, 9.3, 9.309999999999999, 9.32, 9.33, 9.34, 9.35, 9.36, 9.37, 9.379999999999999, 9.39, 9.4, 9.41, 9.42, 9.43, 9.44, 9.45, 9.459999999999999, 9.469999999999999, 9.48, 9.49, 9.5, 9.51, 9.52, 9.53, 9.54, 9.55, 9.559999999999999, 9.57, 9.58, 9.59, 9.6, 9.61, 9.620000000000001, 9.629999999999999, 9.64, 9.649999999999999, 9.66, 9.67, 9.68, 9.69, 9.7, 9.71, 9.719999999999999, 9.73, 9.739999999999998, 9.75, 9.76, 9.77, 9.78, 9.79, 9.8, 9.809999999999999, 9.82, 9.83, 9.84, 9.85, 9.86, 9.870000000000001, 9.879999999999999, 9.89, 9.899999999999999, 9.91, 9.92, 9.93, 9.94, 9.95, 9.96, 9.969999999999999, 9.98, 9.989999999999998, 10.0, 10.01, 10.02, 10.03, 10.04, 10.05, 10.059999999999999, 10.07, 10.08, 10.09, 10.1, 10.11, 10.120000000000001, 10.129999999999999, 10.14, 10.149999999999999, 10.16, 10.17, 10.18, 10.19, 10.2, 10.21, 10.219999999999999, 10.23, 10.239999999999998, 10.25, 10.26, 10.27, 10.28, 10.29, 10.3, 10.309999999999999, 10.32, 10.33, 10.34, 10.35, 10.36, 10.370000000000001, 10.379999999999999, 10.39, 10.399999999999999, 10.41, 10.42, 10.43, 10.44, 10.45, 10.46, 10.469999999999999, 10.48, 10.489999999999998, 10.5, 10.51, 10.52, 10.53, 10.54, 10.55, 10.559999999999999, 10.57, 10.58, 10.59, 10.6, 10.61, 10.620000000000001, 10.629999999999999, 10.64, 10.649999999999999, 10.66, 10.67, 10.68, 10.69, 10.7, 10.71, 10.719999999999999, 10.73, 10.739999999999998, 10.75, 10.76, 10.77, 10.78, 10.79, 10.8, 10.809999999999999, 10.82, 10.83, 10.84, 10.85, 10.86, 10.870000000000001, 10.879999999999999, 10.89, 10.899999999999999, 10.91, 10.92, 10.93, 10.94, 10.95, 10.96, 10.969999999999999, 10.98, 10.989999999999998, 11.0, 11.01, 11.02, 11.03, 11.04, 11.05, 11.059999999999999, 11.07, 11.08, 11.09, 11.1, 11.11, 11.120000000000001, 11.129999999999999, 11.14, 11.149999999999999, 11.16, 11.17, 11.18, 11.19, 11.2, 11.21, 11.219999999999999, 11.23, 11.239999999999998, 11.25, 11.26, 11.27, 11.28, 11.29, 11.3, 11.309999999999999, 11.32, 11.33, 11.34, 11.35, 11.36, 11.370000000000001, 11.379999999999999, 11.39, 11.399999999999999, 11.41, 11.42, 11.43, 11.44, 11.45, 11.46, 11.469999999999999, 11.48, 11.489999999999998, 11.5, 11.51, 11.52, 11.53, 11.54, 11.55, 11.559999999999999, 11.57, 11.58, 11.59, 11.6],