{"patient_idx": 1205, "t": [7.0, 7.01, 7.02, 7.03, 7.04, 7.05, 7.06, 7.07, 7.08, 7.09, 7.1, 7.11, 7.12, 7.13, 7.14, 7.15, 7.16, 7.17, 7.18, 7.19, 7.2, 7.21, 7.22, 7.23, 7.24, 7.25, 7.26, 7.27, 7.28, 7.29, 7.3, 7.31, 7.32, 7.33, 7.34, 7.35, 7.36, 7.37, 7.38, 7.39, 7.4, 7.41, 7.42, 7.43, 7.44, 7.45, 7.46, 7.47, 7.48, 7.49, 7.5, 7.51, 7.52, 7.53, 7.54, 7.55, 7.5600000000000005, 7.57, 7.58, 7.59, 7.6, 7.61, 7.62, 7.63, 7.64, 7.65, 7.66, 7.67, 7.68, 7.69, 7.7, 7.71, 7.72, 7.73, 7.74, 7.75, 7.76, 7.77, 7.78, 7.79, 7.8, 7.8100000000000005, 7.82, 7.83, 7.84, 7.85, 7.86, 7.87, 7.88, 7.89, 7.9, 7.91, 7.92, 7.93, 7.94, 7.95, 7.96, 7.97, 7.98, 7.99, 8.0, 8.01, 8.02, 8.03, 8.04, 8.05, 8.06, 8.07, 8.08, 8.09, 8.1, 8.11, 8.120000000000001, 8.13, 8.14, 8.15, 8.16, 8.17, 8.18, 8.19, 8.2, 8.21, 8.22, 8.23, 8.24, 8.25, 8.26, 8.27, 8.28, 8.29, 8.3, 8.31, 8.32, 8.33, 8.34, 8.35, 8.36, 8.370000000000001, 8.38, 8.39, 8.4, 8.41, 8.42, 8.43, 8.44, 8.45, 8.46, 8.47, 8.48, 8.49, 8.5, 8.51, 8.52, 8.53, 8.54, 8.55, 8.56, 8.57, 8.58, 8.59, 8.6, 8.61, 8.620000000000001, 8.63, 8.64, 8.65, 8.66, 8.67, 8.68, 8.69, 8.7, 8.71, 8.72, 8.73, 8.74, 8.75, 8.76, 8.77, 8.78, 8.79, 8.8, 8.81, 8.82, 8.83, 8.84, 8.85, 8.86, 8.870000000000001, 8.88, 8.89, 8.9, 8.91, 8.92, 8.93, 8.94, 8.95, 8.96, 8.97, 8.98, 8.99, 9.0, 9.01, 9.02, 9.030000000000001, 9.04, 9.05, 9.06, 9.07, 9.08, 9.09, 9.1, 9.11, 9.120000000000001, 9.129999999999999, 9.14, 9.15, 9.16, 9.17, 9.18, 9.19, 9.2, 9.21, 9.22, 9.23, 9.24, 9.25, 9.26, 9.27, 9.280000000000001, 9.29, 9.3, 9.31, 9.32, 9.33, 9.34, 9.35, 9.36, 9.370000000000001, 9.379999999999999, 9.39, 9.4, 9.41, 9.42, 9.43, 9.44, 9.45, 9.46, 9.47, 9.48, 9.49, 9.5, 9.51, 9.52, 9.530000000000001, 9.54, 9.55, 9.56, 9.57, 9.58, 9.59, 9.6, 9.61, 9.620000000000001, 9.629999999999999, 9.64, 9.65, 9.66, 9.67, 9.68, 9.69, 9.7, 9.71, 9.72, 9.73, 9.74, 9.75, 9.76, 9.77, 9.780000000000001, 9.79, 9.8, 9.81, 9.82, 9.83, 9.84, 9.85, 9.86, 9.870000000000001, 9.879999999999999, 9.89, 9.9, 9.91, 9.92, 9.93, 9.94, 9.95, 9.96, 9.97, 9.98, 9.99, 10.0, 10.01, 10.02, 10.030000000000001, 10.04, 10.05, 10.06, 10.07, 10.08, 10.09, 10.1, 10.11, 10.120000000000001, 10.129999999999999, 10.14, 10.15, 10.16, 10.17, 10.18, 10.19, 10.2, 10.21, 10.22, 10.23, 10.24, 10.25, 10.26, 10.27, 10.280000000000001, 10.29, 10.3, 10.31, 10.32, 10.33, 10.34, 10.35, 10.36, 10.370000000000001, 10.379999999999999, 10.39, 10.4, 10.41, 10.42, 10.43, 10.44, 10.45, 10.46, 10.47, 10.48, 10.49, 10.5, 10.51, 10.52, 10.530000000000001, 10.54, 10.55, 10.56, 10.57, 10.58, 10.59, 10.6, 10.61, 10.620000000000001, 10.629999999999999, 10.64, 10.65, 10.66, 10.67, 10.68, 10.69, 10.7, 10.71, 10.72, 10.73, 10.74, 10.75, 10.76, 10.77, 10.780000000000001, 10.79, 10.8, 10.81, 10.82, 10.83, 10.84, 10.85, 10.86, 10.870000000000001, 10.879999999999999, 10.89, 10.9, 10.91, 10.92, 10.93, 10.94, 10.95, 10.96, 10.97, 10.98, 10.99, 11.0, 11.01, 11.02, 11.030000000000001, 11.04, 11.05, 11.06, 11.07, 11.08, 11.09, 11.1, 11.11, 11.120000000000001, 11.129999999999999, 11.14, 11.15, 11.16, 11.17, 11.18, 11.190000000000001, 11.2, 11.21, 11.219999999999999, 11.23, 11.24, 11.25, 11.26, 11.27, 11.280000000000001, 11.29, 11.3, 11.31, 11.32, 11.33, 11.34, 11.350000000000001, 11.36, 11.370000000000001, 11.379999999999999, 11.39, 11.4, 11.41, 11.42, 11.43, 11.440000000000001, 11.45, 11.46, 11.469999999999999, 11.48, 11.49, 11.5, 11.51, 11.52, 11.530000000000001, 11.54, 11.55, 11.56, 11.57, 11.58, 11.59, 11.600000000000001, 11.61, 11.620000000000001, 11.629999999999999, 11.64, 11.65, 11.66, 11.67, 11.68, 11.690000000000001, 11.7, 11.71, 11.719999999999999, 11.73, 11.74, 11.75, 11.76, 11.77, 11.780000000000001, 11.79, 11.8, 11.81, 11.82, 11.83, 11.84, 11.850000000000001, 11.86, 11.870000000000001, 11.879999999999999, 11.89, 11.9, 11.91, 11.92, 11.93, 11.940000000000001, 11.95, 11.96, 11.969999999999999, 11.98, 11.99, 12.0, 12.01, 12.02, 12.030000000000001, 12.04, 12.05, 12.06, 12.07, 12.08, 12.09, 12.100000000000001, 12.11, 12.120000000000001, 12.129999999999999, 12.14, 12.15, 12.16, 12.17, 12.18, 12.190000000000001, 12.2, 12.21, 12.219999999999999, 12.23, 12.24, 12.25, 12.26, 12.27, 12.280000000000001, 12.29, 12.3, 12.31, 12.32, 12.33, 12.34, 12.350000000000001, 12.36, 12.370000000000001, 12.379999999999999, 12.39, 12.4, 12.41, 12.42, 12.43, 12.440000000000001, 12.45, 12.46, 12.469999999999999, 12.48, 12.49, 12.5, 12.51, 12.52, 12.530000000000001, 12.54, 12.55, 12.56, 12.57, 12.58, 12.59, 12.600000000000001, 12.61, 12.620000000000001, 12.629999999999999, 12.64, 12.65, 12.66, 12.67, 12.68, 12.690000000000001, 12.7, 12.71, 12.719999999999999, 12.73, 12.74, 12.75, 12.76, 12.77, 12.780000000000001, 12.79, 12.8, 12.81, 12.82, 12.83, 12.84, 12.850000000000001, 12.86, 12.870000000000001, 12.879999999999999, 12.89, 12.9, 12.91, 12.92, 12.93, 12.940000000000001, 12.95, 12.96, 12.969999999999999, 12.98, 12.99, 13.0],