{"spec": [0.999496475327291, 0.999496475327291, 0.9979859013091642, 0.9974823766364552, 0.9959718026183283, 0.9929506545820745, 0.9914400805639476, 0.9874118831822759, 0.9828801611278952, 0.973816717019134, 0.9632426988922457, 0.9551863041289024, 0.9451158106747231, 0.9350453172205438, 0.9219536757301108, 0.905337361530715, 0.8947633434038268, 0.8756294058408862, 0.8534743202416919, 0.8348439073514602, 0.8116817724068479, 0.7885196374622356, 0.7653575025176234, 0.7371601208459215, 0.7119838872104733, 0.6837865055387714, 0.6560926485397784, 0.6324269889224572, 0.6062437059415912, 0.5795568982880162, 0.554380664652568, 0.5327291037260826, 0.5115810674723061, 0.48640483383685795, 0.46827794561933533, 0.4436052366565961, 0.42296072507552873, 0.404833836858006, 0.38972809667673713, 0.3680765357502518, 0.35246727089627394, 0.33786505538771405, 0.32527693856998996, 0.3036253776435045, 0.2814702920443102, 0.26535750251762336, 0.25730110775427995, 0.24269889224572005, 0.23061430010070494, 0.2190332326283988, 0.20745216515609266, 0.19788519637462232, 0.18882175226586106, 0.18227593152064447, 0.17673716012084595, 0.16666666666666663, 0.15961732124874117, 0.15407854984894265, 0.1530715005035247, 0.14753272910372606, 0.13947633434038265, 0.1344410876132931, 0.12890231621349446, 0.12084592145015105, 0.11732124874118832, 0.1137965760322256, 0.11027190332326287, 0.10775427995971798, 0.10322255790533741, 0.0971802618328298, 0.09214501510574014, 0.08710976837865059, 0.08408862034239672, 0.08157099697885195, 0.07754279959718025, 0.07502517623363547, 0.07301107754279956, 0.07099697885196377, 0.06847935548841888, 0.06545820745216513, 0.06092648539778445, 0.056394763343403875, 0.05387713997985899, 0.05035246727089626, 0.0453172205438066, 0.03977844914400808, 0.03423967774420944, 0.030211480362537735, 0.02618328298086603, 0.022155085599194324, 0.01762336354481364, 0.014098690835850913, 0.012084592145015116, 0.00805639476334341, 0.0055387713997986365, 0.004028197381671705, 0.002014098690835797, 0.0015105740181269312, 0.001007049345417954], "sens": [1.0, 1.0, 1.0, 1.0, 1.0, 1.0, 1.0, 1.0, 1.0, 1.0, 1.0, 1.0, 1.0, 1.0, 1.0, 1.0, 1.0, 0.9705882352941176, 0.9411764705882353, 0.9411764705882353, 0.9411764705882353, 0.9411764705882353, 0.9411764705882353, 0.9411764705882353, 0.9411764705882353, 0.9117647058823529, 0.9117647058823529, 0.9117647058823529, 0.9117647058823529, 0.9117647058823529, 0.9117647058823529, 0.9117647058823529, 0.9117647058823529, 0.9117647058823529, 0.9117647058823529, 0.9117647058823529, 0.9117647058823529, 0.9117647058823529, 0.8823529411764706, 0.8235294117647058, 0.8235294117647058, 0.8235294117647058, 0.8235294117647058, 0.7941176470588235, 0.7941176470588235, 0.7941176470588235, 0.7647058823529411, 0.7352941176470589, 0.7352941176470589, 0.7352941176470589, 0.7352941176470589, 0.7352941176470589, 0.7352941176470589, 0.7352941176470589, 0.7352941176470589, 0.7352941176470589, 0.7352941176470589, 0.7352941176470589, 0.7352941176470589, 0.7352941176470589, 0.6470588235294118, 0.6470588235294118, 0.6176470588235294, 0.6176470588235294, 0.6176470588235294, 0.6176470588235294, 0.6176470588235294, 0.5882352941176471, 0.5882352941176471, 0.5882352941176471, 0.5882352941176471, 0.5882352941176471, 0.5882352941176471, 0.5588235294117647, 0.5588235294117647, 0.5588235294117647, 0.5588235294117647, 0.5588235294117647, 0.5294117647058824, 0.5294117647058824, 0.5294117647058824, 0.5294117647058824, 0.5294117647058824, 0.47058823529411764, 0.47058823529411764, 0.47058823529411764, 0.4411764705882353, 0.4411764705882353, 0.4411764705882353, 0.4411764705882353, 0.38235294117647056, 0.38235294117647056, 0.29411764705882354, 0.23529411764705882, 0.17647058823529413, 0.14705882352941177, 0.11764705882352941, 0.058823529411764705, 0.029411764705882353], "AUC": 0.8371097683786506, "steps": [0.013139658002182841, 0.01369976969435811, 0.01425988138653338, 0.014819993078708649, 0.015380104770883918, 0.01594021646305919, 0.016500328155234455, 0.017060439847409726, 0.017620551539584993, 0.018180663231760263, 0.018740774923935534, 0.0193008866161108, 0.01986099830828607, 0.02042111000046134, 0.02098122169263661, 0.02154133338481188, 0.022101445076987147, 0.022661556769162414, 0.023221668461337684, 0.023781780153512955, 0.024341891845688225, 0.024902003537863492, 0.02546211523003876, 0.02602222692221403, 0.0265823386143893, 0.02714245030656457, 0.027702561998739838, 0.02826267369091511, 0.028822785383090375, 0.029382897075265646, 0.029943008767440913, 0.030503120459616184, 0.031063232151791454, 0.03162334384396672, 0.03218345553614199, 0.032743567228317255, 0.03330367892049253, 0.033863790612667796, 0.03442390230484307, 0.03498401399701834, 0.0355441256891936, 0.03610423738136888, 0.03666434907354414, 0.03722446076571941, 0.03778457245789468, 0.038344684150069946, 0.038904795842245224, 0.03946490753442049, 0.04002501922659576, 0.04058513091877103, 0.04114524261094629, 0.04170535430312157, 0.04226546599529683, 0.042825577687472104, 0.043385689379647374, 0.043945801071822645, 0.04450591276399791, 0.04506602445617318, 0.04562613614834845, 0.04618624784052372, 0.04674635953269899, 0.047306471224874254, 0.047866582917049524, 0.048426694609224795, 0.048986806301400065, 0.049546917993575336, 0.0501070296857506, 0.05066714137792587, 0.05122725307010114, 0.05178736476227641, 0.05234747645445168, 0.052907588146626945, 0.053467699838802216, 0.054027811530977486, 0.05458792322315276, 0.05514803491532803, 0.05570814660750329, 0.05626825829967856, 0.05682836999185383, 0.0573884816840291, 0.05794859337620437, 0.058508705068379636, 0.05906881676055491, 0.05962892845273018, 0.06018904014490545, 0.06074915183708072, 0.06130926352925598, 0.06186937522143125, 0.06242948691360652, 0.0629895986057818, 0.06354971029795706, 0.06410982199013232, 0.0646699336823076, 0.06523004537448288, 0.06579015706665814, 0.0663502687588334, 0.06691038045100867, 0.06747049214318394, 0.06803060383535922]}