{"patient_idx": 1433, "t": [11.5, 11.51, 11.52, 11.53, 11.54, 11.55, 11.56, 11.57, 11.58, 11.59, 11.6, 11.61, 11.62, 11.63, 11.64, 11.65, 11.66, 11.67, 11.68, 11.69, 11.7, 11.71, 11.72, 11.73, 11.74, 11.75, 11.76, 11.77, 11.78, 11.79, 11.8, 11.81, 11.82, 11.83, 11.84, 11.85, 11.86, 11.87, 11.88, 11.89, 11.9, 11.91, 11.92, 11.93, 11.94, 11.95, 11.96, 11.97, 11.98, 11.99, 12.0, 12.01, 12.02, 12.03, 12.04, 12.05, 12.06, 12.07, 12.08, 12.09, 12.1, 12.11, 12.12, 12.13, 12.14, 12.15, 12.16, 12.17, 12.18, 12.19, 12.2, 12.21, 12.22, 12.23, 12.24, 12.25, 12.26, 12.27, 12.28, 12.29, 12.3, 12.31, 12.32, 12.33, 12.34, 12.35, 12.36, 12.37, 12.38, 12.39, 12.4, 12.41, 12.42, 12.43, 12.44, 12.45, 12.46, 12.47, 12.48, 12.49, 12.5, 12.51, 12.52, 12.53, 12.54, 12.55, 12.56, 12.57, 12.58, 12.59, 12.6, 12.61, 12.620000000000001, 12.63, 12.64, 12.65, 12.66, 12.67, 12.68, 12.69, 12.7, 12.71, 12.72, 12.73, 12.74, 12.75, 12.76, 12.77, 12.78, 12.79, 12.8, 12.81, 12.82, 12.83, 12.84, 12.85, 12.86, 12.870000000000001, 12.88, 12.89, 12.9, 12.91, 12.92, 12.93, 12.94, 12.95, 12.96, 12.97, 12.98, 12.99, 13.0, 13.01, 13.02, 13.03, 13.04, 13.05, 13.06, 13.07, 13.08, 13.09, 13.1, 13.11, 13.120000000000001, 13.13, 13.14, 13.15, 13.16, 13.17, 13.18, 13.19, 13.2, 13.21, 13.22, 13.23, 13.24, 13.25, 13.26, 13.27, 13.28, 13.29, 13.3, 13.31, 13.32, 13.33, 13.34, 13.35, 13.36, 13.370000000000001, 13.38, 13.39, 13.4, 13.41, 13.42, 13.43, 13.44, 13.45, 13.46, 13.47, 13.48, 13.49, 13.5, 13.51, 13.52, 13.530000000000001, 13.54, 13.55, 13.56, 13.57, 13.58, 13.59, 13.6, 13.61, 13.620000000000001, 13.629999999999999, 13.64, 13.65, 13.66, 13.67, 13.68, 13.69, 13.7, 13.71, 13.72, 13.73, 13.74, 13.75, 13.76, 13.77, 13.780000000000001, 13.79, 13.8, 13.81, 13.82, 13.83, 13.84, 13.85, 13.86, 13.870000000000001, 13.879999999999999, 13.89, 13.9, 13.91, 13.92, 13.93, 13.94, 13.95, 13.96, 13.97, 13.98, 13.99, 14.0, 14.01, 14.02, 14.030000000000001, 14.04, 14.05, 14.06, 14.07, 14.08, 14.09, 14.1, 14.11, 14.120000000000001, 14.129999999999999, 14.14, 14.15, 14.16, 14.17, 14.18, 14.19, 14.2, 14.21, 14.22, 14.23, 14.24, 14.25, 14.26, 14.27, 14.280000000000001, 14.29, 14.3, 14.31, 14.32, 14.33, 14.34, 14.35, 14.36, 14.370000000000001, 14.379999999999999, 14.39, 14.4, 14.41, 14.42, 14.43, 14.44, 14.45, 14.46, 14.47, 14.48, 14.49, 14.5, 14.51, 14.52, 14.530000000000001, 14.54, 14.55, 14.56, 14.57, 14.58, 14.59, 14.6, 14.61, 14.620000000000001, 14.629999999999999, 14.64, 14.65, 14.66, 14.67, 14.68, 14.69, 14.7, 14.71, 14.72, 14.73, 14.74, 14.75, 14.76, 14.77, 14.780000000000001, 14.79, 14.8, 14.81, 14.82, 14.83, 14.84, 14.85, 14.86, 14.870000000000001, 14.879999999999999, 14.89, 14.9, 14.91, 14.92, 14.93, 14.94, 14.95, 14.96, 14.97, 14.98, 14.99, 15.0, 15.01, 15.02, 15.030000000000001, 15.04, 15.05, 15.06, 15.07, 15.08, 15.09, 15.1, 15.11, 15.120000000000001, 15.129999999999999, 15.14, 15.15, 15.16, 15.17, 15.18, 15.19, 15.2, 15.21, 15.22, 15.23, 15.24, 15.25, 15.26, 15.27, 15.280000000000001, 15.29, 15.3, 15.31, 15.32, 15.33, 15.34, 15.35, 15.36, 15.370000000000001, 15.379999999999999, 15.39, 15.4, 15.41, 15.42, 15.43, 15.44, 15.45, 15.46, 15.47, 15.48, 15.49, 15.5, 15.51, 15.52, 15.530000000000001, 15.54, 15.55, 15.56, 15.57, 15.58, 15.59, 15.6, 15.61, 15.620000000000001, 15.629999999999999, 15.64, 15.65, 15.66, 15.67, 15.68, 15.690000000000001, 15.7, 15.71, 15.719999999999999, 15.73, 15.74, 15.75, 15.76, 15.77, 15.780000000000001, 15.79, 15.8, 15.81, 15.82, 15.83, 15.84, 15.850000000000001, 15.86, 15.870000000000001, 15.879999999999999, 15.89, 15.9, 15.91, 15.92, 15.93, 15.940000000000001, 15.95, 15.96, 15.969999999999999, 15.98, 15.99, 16.0, 16.009999999999998, 16.02, 16.03, 16.04, 16.05, 16.060000000000002, 16.07, 16.08, 16.09, 16.1, 16.11, 16.12, 16.13, 16.14, 16.15, 16.16, 16.17, 16.18, 16.19, 16.2, 16.21, 16.22, 16.23, 16.240000000000002, 16.25, 16.259999999999998, 16.27, 16.28, 16.29, 16.3, 16.310000000000002, 16.32, 16.33, 16.34, 16.35, 16.36, 16.37, 16.38, 16.39, 16.4, 16.41, 16.42, 16.43, 16.44, 16.45, 16.46, 16.47, 16.48, 16.490000000000002, 16.5, 16.509999999999998, 16.52, 16.53, 16.54, 16.55, 16.560000000000002, 16.57, 16.58, 16.59, 16.6, 16.61, 16.62, 16.63, 16.64, 16.65, 16.66, 16.67, 16.68, 16.69, 16.7, 16.71, 16.72, 16.73, 16.740000000000002, 16.75, 16.759999999999998, 16.77, 16.78, 16.79, 16.8, 16.810000000000002, 16.82, 16.83, 16.84, 16.85, 16.86, 16.87, 16.88, 16.89, 16.9, 16.91, 16.92, 16.93, 16.94, 16.95, 16.96, 16.97, 16.98, 16.990000000000002, 17.0, 17.009999999999998, 17.02, 17.03, 17.04, 17.05, 17.060000000000002, 17.07, 17.08, 17.09, 17.1, 17.11, 17.12, 17.13, 17.14, 17.15, 17.16, 17.17, 17.18, 17.19, 17.2, 17.21, 17.22, 17.23, 17.240000000000002, 17.25, 17.259999999999998, 17.27, 17.28, 17.29, 17.3, 17.310000000000002, 17.32, 17.33, 17.34, 17.35, 17.36, 17.37, 17.38, 17.39, 17.4, 17.41, 17.42, 17.43, 17.44, 17.45, 17.46, 17.47, 17.48, 17.490000000000002, 17.5],