{"patient_idx": 1433, "t": [26.7, 26.71, 26.72, 26.73, 26.74, 26.75, 26.759999999999998, 26.77, 26.779999999999998, 26.79, 26.8, 26.81, 26.82, 26.83, 26.84, 26.849999999999998, 26.86, 26.87, 26.88, 26.89, 26.9, 26.91, 26.919999999999998, 26.93, 26.939999999999998, 26.95, 26.96, 26.97, 26.98, 26.99, 27.0, 27.009999999999998, 27.02, 27.029999999999998, 27.04, 27.05, 27.06, 27.07, 27.08, 27.09, 27.099999999999998, 27.11, 27.12, 27.13, 27.14, 27.15, 27.16, 27.169999999999998, 27.18, 27.189999999999998, 27.2, 27.21, 27.22, 27.23, 27.24, 27.25, 27.259999999999998, 27.27, 27.279999999999998, 27.29, 27.3, 27.31, 27.32, 27.33, 27.34, 27.349999999999998, 27.36, 27.37, 27.38, 27.39, 27.4, 27.41, 27.419999999999998, 27.43, 27.439999999999998, 27.45, 27.46, 27.47, 27.48, 27.49, 27.5, 27.509999999999998, 27.52, 27.53, 27.54, 27.55, 27.56, 27.57, 27.58, 27.59, 27.599999999999998, 27.61, 27.62, 27.63, 27.64, 27.65, 27.66, 27.669999999999998, 27.68, 27.689999999999998, 27.7, 27.71, 27.72, 27.73, 27.74, 27.75, 27.759999999999998, 27.77, 27.78, 27.79, 27.8, 27.81, 27.82, 27.83, 27.84, 27.849999999999998, 27.86, 27.869999999999997, 27.88, 27.89, 27.9, 27.91, 27.919999999999998, 27.93, 27.939999999999998, 27.95, 27.96, 27.97, 27.98, 27.99, 28.0, 28.009999999999998, 28.02, 28.03, 28.04, 28.05, 28.06, 28.07, 28.08, 28.09, 28.099999999999998, 28.11, 28.119999999999997, 28.13, 28.14, 28.15, 28.16, 28.169999999999998, 28.18, 28.189999999999998, 28.2, 28.21, 28.22, 28.23, 28.24, 28.25, 28.259999999999998, 28.27, 28.28, 28.29, 28.3, 28.31, 28.32, 28.33, 28.34, 28.349999999999998, 28.36, 28.369999999999997, 28.38, 28.39, 28.4, 28.41, 28.419999999999998, 28.43, 28.439999999999998, 28.45, 28.46, 28.47, 28.48, 28.49, 28.5, 28.509999999999998, 28.52, 28.53, 28.54, 28.55, 28.56, 28.57, 28.58, 28.59, 28.599999999999998, 28.61, 28.619999999999997, 28.63, 28.64, 28.65, 28.66, 28.669999999999998, 28.68, 28.689999999999998, 28.7, 28.71, 28.72, 28.73, 28.74, 28.75, 28.759999999999998, 28.77, 28.78, 28.79, 28.8, 28.81, 28.82, 28.83, 28.84, 28.849999999999998, 28.86, 28.869999999999997, 28.88, 28.89, 28.9, 28.91, 28.919999999999998, 28.93, 28.939999999999998, 28.95, 28.96, 28.97, 28.98, 28.99, 29.0, 29.009999999999998, 29.02, 29.03, 29.04, 29.05, 29.06, 29.07, 29.08, 29.09, 29.099999999999998, 29.11, 29.119999999999997, 29.13, 29.14, 29.15, 29.16, 29.169999999999998, 29.18, 29.189999999999998, 29.2, 29.21, 29.22, 29.23, 29.24, 29.25, 29.259999999999998, 29.27, 29.28, 29.29, 29.3, 29.31, 29.32, 29.33, 29.34, 29.349999999999998, 29.36, 29.369999999999997, 29.38, 29.39, 29.4, 29.41, 29.419999999999998, 29.43, 29.439999999999998, 29.45, 29.46, 29.47, 29.48, 29.49, 29.5, 29.509999999999998, 29.52, 29.53, 29.54, 29.55, 29.56, 29.57, 29.58, 29.59, 29.599999999999998, 29.61, 29.619999999999997, 29.63, 29.64, 29.65, 29.66, 29.669999999999998, 29.68, 29.689999999999998, 29.7, 29.71, 29.72, 29.73, 29.74, 29.75, 29.759999999999998, 29.77, 29.78, 29.79, 29.8, 29.81, 29.82, 29.83, 29.84, 29.849999999999998, 29.86, 29.869999999999997, 29.88, 29.89, 29.9, 29.91, 29.919999999999998, 29.93, 29.939999999999998, 29.95, 29.96, 29.97, 29.98, 29.99, 30.0, 30.009999999999998, 30.02, 30.03, 30.04, 30.05, 30.06, 30.07, 30.08, 30.09, 30.099999999999998, 30.11, 30.119999999999997, 30.13, 30.14, 30.15, 30.16, 30.169999999999998, 30.18, 30.189999999999998, 30.2, 30.21, 30.22, 30.23, 30.24, 30.25, 30.259999999999998, 30.27, 30.28, 30.29, 30.3, 30.31, 30.32, 30.33, 30.34, 30.349999999999998, 30.36, 30.369999999999997, 30.38, 30.39, 30.4, 30.41, 30.419999999999998, 30.43, 30.439999999999998, 30.45, 30.46, 30.47, 30.48, 30.49, 30.5, 30.509999999999998, 30.52, 30.53, 30.54, 30.55, 30.56, 30.57, 30.58, 30.59, 30.599999999999998, 30.61, 30.619999999999997, 30.63, 30.64, 30.65, 30.66, 30.669999999999998, 30.68, 30.689999999999998, 30.7, 30.71, 30.72, 30.73, 30.74, 30.75, 30.759999999999998, 30.77, 30.78, 30.79, 30.799999999999997, 30.81, 30.82, 30.83, 30.84, 30.85, 30.86, 30.869999999999997, 30.88, 30.89, 30.9, 30.91, 30.919999999999998, 30.93, 30.939999999999998, 30.95, 30.96, 30.97, 30.98, 30.99, 31.0, 31.009999999999998, 31.02, 31.03, 31.04, 31.05, 31.06, 31.07, 31.08, 31.09, 31.1, 31.11, 31.119999999999997, 31.13, 31.14, 31.15, 31.16, 31.169999999999998, 31.18, 31.189999999999998, 31.2, 31.21, 31.22, 31.23, 31.24, 31.25, 31.259999999999998, 31.27, 31.28, 31.29, 31.3, 31.31, 31.32, 31.33, 31.34, 31.35, 31.36, 31.369999999999997, 31.38, 31.39, 31.4, 31.41, 31.419999999999998, 31.43, 31.439999999999998, 31.45, 31.46, 31.47, 31.48, 31.49, 31.5, 31.509999999999998, 31.52, 31.53, 31.54, 31.55, 31.56, 31.57, 31.58, 31.59, 31.6, 31.61, 31.619999999999997, 31.63, 31.64, 31.65, 31.66, 31.669999999999998, 31.68, 31.689999999999998, 31.7, 31.71, 31.72, 31.73, 31.74, 31.75, 31.759999999999998, 31.77, 31.78, 31.79, 31.8, 31.81, 31.82, 31.83, 31.84, 31.85, 31.86, 31.869999999999997, 31.88, 31.89, 31.9, 31.91, 31.919999999999998, 31.93, 31.939999999999998, 31.95, 31.96, 31.97, 31.98, 31.99, 32.0, 32.01, 32.019999999999996, 32.03, 32.04, 32.05, 32.06, 32.07, 32.08, 32.089999999999996, 32.1, 32.11, 32.12, 32.129999999999995, 32.14, 32.15, 32.16, 32.17, 32.18, 32.19, 32.2, 32.21, 32.22, 32.23, 32.24, 32.25, 32.26, 32.269999999999996, 32.28, 32.29, 32.3, 32.31, 32.32, 32.33, 32.339999999999996, 32.35, 32.36, 32.37, 32.379999999999995, 32.39, 32.4, 32.41, 32.42, 32.43, 32.44, 32.45, 32.46, 32.47, 32.48, 32.49, 32.5, 32.51, 32.519999999999996, 32.53, 32.54, 32.55, 32.56, 32.57, 32.58, 32.589999999999996, 32.6, 32.61, 32.62, 32.629999999999995, 32.64, 32.65, 32.66, 32.67, 32.68, 32.69, 32.7],