{"patient_idx": 4044, "t": [5.3, 5.31, 5.319999999999999, 5.33, 5.34, 5.35, 5.359999999999999, 5.37, 5.38, 5.39, 5.3999999999999995, 5.41, 5.42, 5.43, 5.4399999999999995, 5.45, 5.46, 5.47, 5.4799999999999995, 5.49, 5.5, 5.51, 5.52, 5.53, 5.54, 5.55, 5.56, 5.57, 5.58, 5.59, 5.6, 5.609999999999999, 5.62, 5.63, 5.64, 5.6499999999999995, 5.66, 5.67, 5.68, 5.6899999999999995, 5.7, 5.71, 5.72, 5.7299999999999995, 5.74, 5.75, 5.76, 5.77, 5.779999999999999, 5.79, 5.8, 5.81, 5.82, 5.83, 5.84, 5.85, 5.859999999999999, 5.87, 5.88, 5.89, 5.8999999999999995, 5.91, 5.92, 5.93, 5.9399999999999995, 5.95, 5.96, 5.97, 5.9799999999999995, 5.99, 6.0, 6.01, 6.02, 6.029999999999999, 6.04, 6.05, 6.06, 6.07, 6.08, 6.09, 6.1, 6.109999999999999, 6.12, 6.13, 6.14, 6.1499999999999995, 6.16, 6.17, 6.18, 6.1899999999999995, 6.2, 6.21, 6.22, 6.2299999999999995, 6.24, 6.25, 6.26, 6.27, 6.279999999999999, 6.29, 6.3, 6.31, 6.32, 6.33, 6.34, 6.35, 6.359999999999999, 6.37, 6.38, 6.39, 6.4, 6.41, 6.42, 6.43, 6.4399999999999995, 6.45, 6.46, 6.47, 6.4799999999999995, 6.49, 6.5, 6.51, 6.52, 6.529999999999999, 6.54, 6.55, 6.56, 6.57, 6.58, 6.59, 6.6, 6.609999999999999, 6.62, 6.63, 6.64, 6.65, 6.66, 6.67, 6.68, 6.6899999999999995, 6.7, 6.71, 6.72, 6.7299999999999995, 6.74, 6.75, 6.76, 6.77, 6.779999999999999, 6.79, 6.8, 6.81, 6.82, 6.83, 6.84, 6.85, 6.859999999999999, 6.87, 6.88, 6.89, 6.9, 6.91, 6.92, 6.93, 6.9399999999999995, 6.95, 6.96, 6.97, 6.9799999999999995, 6.99, 7.0, 7.01, 7.02, 7.029999999999999, 7.04, 7.05, 7.06, 7.07, 7.08, 7.09, 7.1, 7.109999999999999, 7.12, 7.13, 7.14, 7.15, 7.16, 7.17, 7.18, 7.1899999999999995, 7.2, 7.21, 7.22, 7.2299999999999995, 7.24, 7.25, 7.26, 7.27, 7.279999999999999, 7.29, 7.3, 7.3100000000000005, 7.32, 7.33, 7.34, 7.35, 7.359999999999999, 7.369999999999999, 7.38, 7.39, 7.4, 7.41, 7.42, 7.43, 7.4399999999999995, 7.449999999999999, 7.46, 7.47, 7.48, 7.49, 7.5, 7.51, 7.52, 7.529999999999999, 7.54, 7.55, 7.5600000000000005, 7.57, 7.58, 7.59, 7.6, 7.609999999999999, 7.619999999999999, 7.63, 7.64, 7.65, 7.66, 7.67, 7.68, 7.6899999999999995, 7.699999999999999, 7.71, 7.72, 7.73, 7.74, 7.75, 7.76, 7.77, 7.779999999999999, 7.79, 7.8, 7.8100000000000005, 7.82, 7.83, 7.84, 7.85, 7.859999999999999, 7.869999999999999, 7.88, 7.89, 7.9, 7.91, 7.92, 7.93, 7.9399999999999995, 7.949999999999999, 7.96, 7.97, 7.98, 7.99, 8.0, 8.01, 8.02, 8.03, 8.04, 8.05, 8.06, 8.07, 8.08, 8.09, 8.1, 8.11, 8.12, 8.129999999999999, 8.14, 8.15, 8.16, 8.17, 8.18, 8.19, 8.2, 8.21, 8.219999999999999, 8.23, 8.24, 8.25, 8.26, 8.27, 8.28, 8.29, 8.3, 8.31, 8.32, 8.33, 8.34, 8.35, 8.36, 8.370000000000001, 8.379999999999999, 8.39, 8.4, 8.41, 8.42, 8.43, 8.44, 8.45, 8.46, 8.469999999999999, 8.48, 8.49, 8.5, 8.51, 8.52, 8.53, 8.54, 8.55, 8.56, 8.57, 8.58, 8.59, 8.6, 8.61, 8.620000000000001, 8.629999999999999, 8.64, 8.65, 8.66, 8.67, 8.68, 8.69, 8.7, 8.71, 8.719999999999999, 8.73, 8.74, 8.75, 8.76, 8.77, 8.78, 8.79, 8.8, 8.81, 8.82, 8.83, 8.84, 8.85, 8.86, 8.870000000000001, 8.879999999999999, 8.89, 8.9, 8.91, 8.92, 8.93, 8.94, 8.95, 8.96, 8.969999999999999, 8.98, 8.99, 9.0, 9.01, 9.02, 9.03, 9.04, 9.05, 9.06, 9.07, 9.08, 9.09, 9.1, 9.11, 9.120000000000001, 9.129999999999999, 9.14, 9.15, 9.16, 9.17, 9.18, 9.19, 9.2, 9.21, 9.219999999999999, 9.23, 9.24, 9.25, 9.26, 9.27, 9.28, 9.29, 9.3, 9.309999999999999, 9.32, 9.33, 9.34, 9.35, 9.36, 9.370000000000001, 9.379999999999999, 9.39, 9.399999999999999, 9.41, 9.42, 9.43, 9.44, 9.45, 9.46, 9.469999999999999, 9.48, 9.49, 9.5, 9.51, 9.52, 9.530000000000001, 9.54, 9.55, 9.559999999999999, 9.57, 9.58, 9.59, 9.6, 9.61, 9.620000000000001, 9.629999999999999, 9.64, 9.65, 9.66, 9.67, 9.68, 9.69, 9.7, 9.71, 9.719999999999999, 9.73, 9.74, 9.75, 9.76, 9.77, 9.780000000000001, 9.79, 9.8, 9.809999999999999, 9.82, 9.83, 9.84, 9.85, 9.86, 9.870000000000001, 9.879999999999999, 9.89, 9.9, 9.91, 9.92, 9.93, 9.94, 9.95, 9.96, 9.969999999999999, 9.98, 9.99, 10.0, 10.01, 10.02, 10.030000000000001, 10.04, 10.05, 10.059999999999999, 10.07, 10.08, 10.09, 10.1, 10.11, 10.120000000000001, 10.129999999999999, 10.14, 10.15, 10.16, 10.17, 10.18, 10.19, 10.2, 10.21, 10.219999999999999, 10.23, 10.24, 10.25, 10.26, 10.27, 10.280000000000001, 10.29, 10.3, 10.309999999999999, 10.32, 10.33, 10.34, 10.35, 10.36, 10.370000000000001, 10.379999999999999, 10.39, 10.4, 10.41, 10.42, 10.43, 10.44, 10.45, 10.46, 10.469999999999999, 10.48, 10.49, 10.5, 10.51, 10.52, 10.530000000000001, 10.54, 10.55, 10.559999999999999, 10.57, 10.58, 10.59, 10.6, 10.61, 10.620000000000001, 10.629999999999999, 10.64, 10.65, 10.66, 10.67, 10.68, 10.69, 10.7, 10.71, 10.719999999999999, 10.73, 10.74, 10.75, 10.76, 10.77, 10.780000000000001, 10.79, 10.8, 10.809999999999999, 10.82, 10.83, 10.84, 10.85, 10.86, 10.870000000000001, 10.879999999999999, 10.89, 10.9, 10.91, 10.92, 10.93, 10.94, 10.95, 10.96, 10.969999999999999, 10.98, 10.99, 11.0, 11.01, 11.02, 11.030000000000001, 11.04, 11.05, 11.059999999999999, 11.07, 11.08, 11.09, 11.1, 11.11, 11.120000000000001, 11.129999999999999, 11.14, 11.15, 11.16, 11.17, 11.18, 11.19, 11.2, 11.21, 11.219999999999999, 11.23, 11.24, 11.25, 11.26, 11.27, 11.280000000000001, 11.29, 11.3],