{"spec": [0.9995187680461982, 0.9995187680461982, 0.9995187680461982, 0.9990375360923965, 0.9966313763233878, 0.9937439846005774, 0.9894128970163619, 0.9846005774783445, 0.9778633301251203, 0.9701636188642926, 0.9629451395572666, 0.9528392685274302, 0.9417709335899904, 0.9148219441770934, 0.8936477382098171, 0.8734359961501443, 0.8512993262752646, 0.8185755534167469, 0.7945139557266603, 0.7723772858517806, 0.7487969201154956, 0.7199230028873917, 0.6857555341674687, 0.6573628488931664, 0.6318575553416748, 0.6073147256977863, 0.5774783445620789, 0.5519730510105871, 0.5216554379210779, 0.4894128970163619, 0.4701636188642926, 0.4504331087584216, 0.4239653512993262, 0.4066410009624639, 0.3873917228103946, 0.36284889316650626, 0.33830606352261794, 0.3185755534167469, 0.3036573628488932, 0.289701636188643, 0.2718960538979788, 0.25553416746871993, 0.2439846005774784, 0.22762271414821944, 0.2136669874879692, 0.20307988450433112, 0.19297401347449472, 0.18383060635226178, 0.17276227141482192, 0.16746871992300294, 0.16217516843118385, 0.15399422521655437, 0.14533205004812322, 0.13907603464870066, 0.13426371511068336, 0.12945139557266605, 0.12704523580365734, 0.12415784408084696, 0.12030798845043311, 0.11597690086621748, 0.1106833493743985, 0.10827718960538979, 0.10346487006737248, 0.09913378248315685, 0.09239653512993262, 0.08854667949951878, 0.08325312800769968, 0.07747834456207892, 0.07266602502406161, 0.06929740134744944, 0.063041385948027, 0.0601539942252165, 0.05822906641000958, 0.057266602502406116, 0.05341674687199227, 0.048604427333974964, 0.0476419634263715, 0.04475457170356112, 0.042829643888354196, 0.03994225216554381, 0.03609239653512997, 0.03320500481231958, 0.031761308950914335, 0.02694898941289703, 0.02550529355149178, 0.024061597690086645, 0.022617901828681397, 0.019730510105871013, 0.015880654475457168, 0.01443695861405192, 0.012030798845043322, 0.010587102983638075, 0.008180943214629477, 0.006737247353224229, 0.005293551491819093, 0.00336862367661217, 0.002887391722810384, 0.0019249278152069227, 0.0], "sens": [1.0, 1.0, 1.0, 1.0, 1.0, 1.0, 1.0, 1.0, 1.0, 1.0, 1.0, 1.0, 1.0, 1.0, 1.0, 0.9857142857142858, 0.9857142857142858, 0.9857142857142858, 0.9857142857142858, 0.9857142857142858, 0.9857142857142858, 0.9714285714285714, 0.9714285714285714, 0.9714285714285714, 0.9571428571428572, 0.9571428571428572, 0.9428571428571428, 0.9428571428571428, 0.9285714285714286, 0.9285714285714286, 0.9, 0.8857142857142857, 0.8857142857142857, 0.8571428571428571, 0.8571428571428571, 0.8428571428571429, 0.8285714285714286, 0.8285714285714286, 0.8285714285714286, 0.8285714285714286, 0.8285714285714286, 0.8142857142857143, 0.8, 0.7857142857142857, 0.7714285714285715, 0.7714285714285715, 0.7714285714285715, 0.7571428571428571, 0.7571428571428571, 0.7428571428571429, 0.7285714285714285, 0.7, 0.7, 0.6857142857142857, 0.6714285714285714, 0.6571428571428571, 0.6428571428571429, 0.6428571428571429, 0.6428571428571429, 0.6285714285714286, 0.6285714285714286, 0.6285714285714286, 0.6285714285714286, 0.6142857142857143, 0.5857142857142857, 0.5857142857142857, 0.5857142857142857, 0.5857142857142857, 0.5714285714285714, 0.5571428571428572, 0.5571428571428572, 0.5428571428571428, 0.5285714285714286, 0.5142857142857142, 0.5142857142857142, 0.5142857142857142, 0.5, 0.5, 0.5, 0.5, 0.5, 0.4714285714285714, 0.44285714285714284, 0.42857142857142855, 0.42857142857142855, 0.4142857142857143, 0.4, 0.4, 0.4, 0.35714285714285715, 0.3142857142857143, 0.2571428571428571, 0.22857142857142856, 0.22857142857142856, 0.21428571428571427, 0.2, 0.11428571428571428, 0.08571428571428572, 0.05714285714285714], "AUC": 0.8585796782620652, "steps": [0.01253213687799871, 0.013097586128860712, 0.013663035379722714, 0.014228484630584716, 0.01479393388144672, 0.015359383132308722, 0.015924832383170724, 0.016490281634032725, 0.01705573088489473, 0.017621180135756732, 0.018186629386618733, 0.018752078637480737, 0.019317527888342737, 0.01988297713920474, 0.02044842639006674, 0.021013875640928745, 0.02157932489179075, 0.02214477414265275, 0.02271022339351475, 0.023275672644376754, 0.023841121895238758, 0.02440657114610076, 0.024972020396962762, 0.025537469647824766, 0.026102918898686767, 0.026668368149548767, 0.02723381740041077, 0.027799266651272775, 0.028364715902134775, 0.02893016515299678, 0.02949561440385878, 0.030061063654720784, 0.030626512905582787, 0.031191962156444788, 0.03175741140730679, 0.03232286065816879, 0.0328883099090308, 0.03345375915989279, 0.0340192084107548, 0.0345846576616168, 0.0351501069124788, 0.03571555616334081, 0.03628100541420281, 0.03684645466506481, 0.03741190391592682, 0.03797735316678882, 0.03854280241765082, 0.039108251668512825, 0.039673700919374826, 0.040239150170236826, 0.04080459942109883, 0.04137004867196083, 0.041935497922822834, 0.042500947173684835, 0.043066396424546835, 0.04363184567540884, 0.04419729492627084, 0.04476274417713284, 0.04532819342799485, 0.04589364267885685, 0.04645909192971885, 0.04702454118058085, 0.04758999043144286, 0.04815543968230486, 0.04872088893316686, 0.04928633818402887, 0.04985178743489087, 0.05041723668575287, 0.05098268593661487, 0.051548135187476876, 0.05211358443833888, 0.05267903368920088, 0.053244482940062884, 0.053809932190924885, 0.054375381441786885, 0.054940830692648886, 0.05550627994351089, 0.056071729194372893, 0.056637178445234894, 0.057202627696096894, 0.0577680769469589, 0.0583335261978209, 0.0588989754486829, 0.05946442469954491, 0.06002987395040691, 0.06059532320126891, 0.06116077245213091, 0.06172622170299292, 0.06229167095385492, 0.06285712020471693, 0.06342256945557892, 0.06398801870644093, 0.06455346795730293, 0.06511891720816493, 0.06568436645902694, 0.06624981570988894, 0.06681526496075094, 0.06738071421161294, 0.06794616346247495]}