{"spec": [0.999515503875969, 0.999515503875969, 0.999515503875969, 0.999515503875969, 0.999515503875969, 0.999515503875969, 0.999031007751938, 0.998546511627907, 0.998546511627907, 0.998546511627907, 0.998546511627907, 0.998546511627907, 0.998546511627907, 0.998546511627907, 0.998062015503876, 0.998062015503876, 0.997577519379845, 0.997577519379845, 0.997577519379845, 0.997577519379845, 0.997577519379845, 0.997577519379845, 0.997093023255814, 0.9961240310077519, 0.9956395348837209, 0.9946705426356589, 0.9941860465116279, 0.9941860465116279, 0.9941860465116279, 0.9932170542635659, 0.9932170542635659, 0.9917635658914729, 0.9912790697674418, 0.9898255813953488, 0.9883720930232558, 0.9869186046511628, 0.9864341085271318, 0.9859496124031008, 0.9859496124031008, 0.9854651162790697, 0.9854651162790697, 0.9840116279069767, 0.9830426356589147, 0.9830426356589147, 0.9825581395348837, 0.9820736434108527, 0.9801356589147286, 0.9786821705426356, 0.9772286821705426, 0.9728682170542635, 0.9714147286821705, 0.9689922480620154, 0.9636627906976745, 0.9597868217054264, 0.9554263565891473, 0.9510658914728682, 0.9481589147286822, 0.940406976744186, 0.934593023255814, 0.9287790697674418, 0.9186046511627907, 0.9152131782945736, 0.9069767441860466, 0.8972868217054264, 0.8837209302325582, 0.8711240310077519, 0.8570736434108527, 0.8381782945736433, 0.8236434108527132, 0.8062015503875969, 0.7873062015503876, 0.7674418604651163, 0.7456395348837209, 0.7194767441860466, 0.6971899224806202, 0.6719961240310077, 0.6487403100775193, 0.6191860465116279, 0.5886627906976745, 0.5625, 0.5305232558139534, 0.501453488372093, 0.4714147286821705, 0.44040697674418605, 0.4084302325581395, 0.37693798449612403, 0.34447674418604646, 0.3062015503875969, 0.2659883720930233, 0.22577519379844957, 0.17877906976744184, 0.14098837209302328, 0.09156976744186052, 0.050387596899224785, 0.018410852713178327, 0.008236434108527146, 0.0014534883720930258, 0.0009689922480620172, 0.0004844961240310086], "sens": [1.0, 1.0, 1.0, 1.0, 1.0, 1.0, 1.0, 1.0, 1.0, 1.0, 1.0, 1.0, 1.0, 1.0, 1.0, 1.0, 1.0, 1.0, 1.0, 1.0, 1.0, 1.0, 1.0, 1.0, 1.0, 1.0, 1.0, 1.0, 1.0, 1.0, 1.0, 1.0, 0.9857142857142858, 0.9857142857142858, 0.9857142857142858, 0.9857142857142858, 0.9857142857142858, 0.9857142857142858, 0.9857142857142858, 0.9857142857142858, 0.9857142857142858, 0.9857142857142858, 0.9857142857142858, 0.9857142857142858, 0.9857142857142858, 0.9857142857142858, 0.9857142857142858, 0.9857142857142858, 0.9857142857142858, 0.9857142857142858, 0.9857142857142858, 0.9857142857142858, 0.9857142857142858, 0.9857142857142858, 0.9714285714285714, 0.9714285714285714, 0.9714285714285714, 0.9714285714285714, 0.9714285714285714, 0.9714285714285714, 0.9714285714285714, 0.9714285714285714, 0.9571428571428572, 0.9428571428571428, 0.9428571428571428, 0.9428571428571428, 0.9428571428571428, 0.9428571428571428, 0.9428571428571428, 0.9285714285714286, 0.9285714285714286, 0.9285714285714286, 0.9285714285714286, 0.9285714285714286, 0.9, 0.8857142857142857, 0.8285714285714286, 0.8142857142857143, 0.8142857142857143, 0.8, 0.8, 0.7857142857142857, 0.7571428571428571, 0.7285714285714285, 0.6714285714285714, 0.6285714285714286, 0.6, 0.5714285714285714, 0.5428571428571428, 0.5142857142857142, 0.45714285714285713, 0.4, 0.2857142857142857, 0.22857142857142856, 0.15714285714285714, 0.11428571428571428, 0.07142857142857142, 0.04285714285714286, 0.02857142857142857], "AUC": 0.700249169435216, "steps": [0.03178996097296476, 0.03214845187962055, 0.03250694278627634, 0.03286543369293213, 0.033223924599587916, 0.033582415506243704, 0.03394090641289949, 0.03429939731955528, 0.03465788822621107, 0.03501637913286686, 0.035374870039522645, 0.03573336094617843, 0.03609185185283423, 0.03645034275949001, 0.036808833666145804, 0.03716732457280159, 0.03752581547945738, 0.03788430638611317, 0.03824279729276896, 0.038601288199424745, 0.03895977910608053, 0.03931827001273632, 0.03967676091939211, 0.0400352518260479, 0.040393742732703686, 0.040752233639359474, 0.04111072454601526, 0.04146921545267105, 0.04182770635932684, 0.042186197265982626, 0.042544688172638415, 0.0429031790792942, 0.04326166998594999, 0.04362016089260578, 0.04397865179926157, 0.04433714270591736, 0.044695633612573143, 0.04505412451922894, 0.04541261542588472, 0.045771106332540515, 0.046129597239196296, 0.04648808814585209, 0.04684657905250788, 0.04720506995916367, 0.047563560865819456, 0.047922051772475244, 0.04828054267913103, 0.04863903358578682, 0.04899752449244261, 0.049356015399098396, 0.049714506305754184, 0.05007299721240997, 0.05043148811906576, 0.05078997902572155, 0.05114846993237734, 0.051506960839033125, 0.05186545174568891, 0.0522239426523447, 0.0525824335590005, 0.05294092446565628, 0.05329941537231207, 0.053657906278967854, 0.05401639718562365, 0.05437488809227943, 0.054733378998935225, 0.05509186990559101, 0.0554503608122468, 0.05580885171890258, 0.05616734262555838, 0.05652583353221416, 0.056884324438869954, 0.05724281534552574, 0.05760130625218153, 0.05795979715883732, 0.05831828806549311, 0.058676778972148895, 0.05903526987880468, 0.05939376078546047, 0.05975225169211626, 0.06011074259877205, 0.060469233505427836, 0.060827724412083624, 0.06118621531873941, 0.06154470622539521, 0.06190319713205099, 0.06226168803870678, 0.06262017894536256, 0.06297866985201836, 0.06333716075867414, 0.06369565166532994, 0.06405414257198572, 0.06441263347864151, 0.06477112438529731, 0.06512961529195309, 0.06548810619860887, 0.06584659710526466, 0.06620508801192046, 0.06656357891857624, 0.06692206982523202]}