{"spec": [0.9994877049180327, 0.9994877049180327, 0.9989754098360656, 0.9989754098360656, 0.9989754098360656, 0.9989754098360656, 0.9989754098360656, 0.9984631147540983, 0.9984631147540983, 0.9984631147540983, 0.9984631147540983, 0.9984631147540983, 0.9974385245901639, 0.9969262295081968, 0.9969262295081968, 0.9969262295081968, 0.9969262295081968, 0.9959016393442623, 0.9953893442622951, 0.9948770491803278, 0.9943647540983607, 0.9938524590163934, 0.992827868852459, 0.9923155737704918, 0.9923155737704918, 0.9902663934426229, 0.9902663934426229, 0.9887295081967213, 0.9877049180327869, 0.9877049180327869, 0.9861680327868853, 0.9846311475409836, 0.9836065573770492, 0.9825819672131147, 0.9825819672131147, 0.9810450819672131, 0.9805327868852459, 0.9795081967213115, 0.9784836065573771, 0.9784836065573771, 0.9784836065573771, 0.9779713114754098, 0.9769467213114754, 0.9769467213114754, 0.9764344262295082, 0.9764344262295082, 0.975922131147541, 0.9743852459016393, 0.9728483606557377, 0.9723360655737705, 0.9718237704918032, 0.9707991803278688, 0.96875, 0.9672131147540983, 0.9651639344262295, 0.9636270491803278, 0.961577868852459, 0.9590163934426229, 0.9574795081967213, 0.9538934426229508, 0.951844262295082, 0.9487704918032787, 0.9441598360655737, 0.9400614754098361, 0.9339139344262295, 0.9272540983606558, 0.9170081967213115, 0.9072745901639344, 0.8980532786885246, 0.8883196721311475, 0.8790983606557377, 0.8683401639344263, 0.8514344262295082, 0.8401639344262295, 0.826844262295082, 0.8104508196721312, 0.7889344262295082, 0.7674180327868853, 0.7382172131147541, 0.71875, 0.6869877049180328, 0.6593237704918034, 0.6198770491803278, 0.5804303278688525, 0.538422131147541, 0.5061475409836065, 0.46106557377049184, 0.42008196721311475, 0.36834016393442626, 0.3145491803278688, 0.23719262295081966, 0.180327868852459, 0.10399590163934425, 0.04303278688524592, 0.013319672131147486, 0.0035860655737705027, 0.0, 0.0, 0.0], "sens": [1.0, 1.0, 1.0, 1.0, 1.0, 1.0, 1.0, 1.0, 1.0, 1.0, 1.0, 1.0, 1.0, 1.0, 1.0, 1.0, 1.0, 1.0, 1.0, 1.0, 1.0, 1.0, 1.0, 1.0, 1.0, 1.0, 1.0, 1.0, 1.0, 1.0, 1.0, 1.0, 1.0, 1.0, 1.0, 1.0, 1.0, 1.0, 1.0, 1.0, 1.0, 1.0, 1.0, 1.0, 1.0, 1.0, 1.0, 1.0, 1.0, 1.0, 1.0, 1.0, 1.0, 1.0, 1.0, 1.0, 1.0, 1.0, 1.0, 1.0, 1.0, 1.0, 1.0, 1.0, 1.0, 1.0, 1.0, 0.9696969696969697, 0.9696969696969697, 0.9393939393939394, 0.9393939393939394, 0.9090909090909091, 0.9090909090909091, 0.9090909090909091, 0.9090909090909091, 0.9090909090909091, 0.9090909090909091, 0.9090909090909091, 0.9090909090909091, 0.8484848484848485, 0.8484848484848485, 0.8484848484848485, 0.8484848484848485, 0.8484848484848485, 0.8484848484848485, 0.8484848484848485, 0.8484848484848485, 0.7272727272727273, 0.6666666666666666, 0.5757575757575758, 0.5151515151515151, 0.45454545454545453, 0.30303030303030304, 0.24242424242424243, 0.09090909090909091, 0.06060606060606061, 0.06060606060606061, 0.030303030303030304, 0.030303030303030304], "AUC": 0.707852086438152, "steps": [0.030366872027516364, 0.030744933634996415, 0.031122995242476463, 0.031501056849956514, 0.03187911845743656, 0.03225718006491661, 0.03263524167239666, 0.033013303279876706, 0.03339136488735676, 0.03376942649483681, 0.03414748810231685, 0.034525549709796904, 0.034903611317276956, 0.03528167292475701, 0.03565973453223705, 0.0360377961397171, 0.03641585774719715, 0.0367939193546772, 0.03717198096215725, 0.0375500425696373, 0.037928104177117346, 0.0383061657845974, 0.03868422739207745, 0.03906228899955749, 0.039440350607037544, 0.039818412214517596, 0.04019647382199764, 0.04057453542947769, 0.04095259703695774, 0.04133065864443779, 0.04170872025191784, 0.04208678185939789, 0.04246484346687794, 0.042842905074357986, 0.04322096668183804, 0.04359902828931808, 0.04397708989679813, 0.044355151504278184, 0.044733213111758235, 0.04511127471923828, 0.04548933632671833, 0.045867397934198376, 0.04624545954167843, 0.04662352114915848, 0.04700158275663853, 0.04737964436411858, 0.047757705971598625, 0.04813576757907867, 0.04851382918655872, 0.04889189079403877, 0.049269952401518824, 0.049648014008998875, 0.05002607561647892, 0.050404137223958964, 0.050782198831439015, 0.05116026043891907, 0.05153832204639912, 0.05191638365387917, 0.052294445261359214, 0.052672506868839265, 0.05305056847631931, 0.05342863008379936, 0.05380669169127941, 0.054184753298759464, 0.05456281490623951, 0.05494087651371956, 0.055318938121199604, 0.055696999728679655, 0.05607506133615971, 0.05645312294363976, 0.05683118455111981, 0.057209246158599854, 0.0575873077660799, 0.05796536937355995, 0.05834343098104, 0.05872149258852005, 0.059099554196000104, 0.05947761580348015, 0.05985567741096019, 0.060233739018440244, 0.060611800625920295, 0.060989862233400347, 0.06136792384088039, 0.06174598544836044, 0.062124047055840494, 0.06250210866332054, 0.06288017027080059, 0.06325823187828064, 0.06363629348576069, 0.06401435509324074, 0.0643924167007208, 0.06477047830820085, 0.06514853991568088, 0.06552660152316094, 0.06590466313064099, 0.06628272473812102, 0.06666078634560108, 0.06703884795308113, 0.06741690956056118]}